word,files
all,"articles/h/a/m/Hama_Photo_a182.html, articles/h/a/m/Hamasa.html"
help,"articles/h/a/m/Hama_Photo_a182.html, articles/h/a/m/Hamasa.html"
german,articles/h/a/m/Hama_Photo_a182.html
photo,articles/h/a/m/Hama_Photo_a182.html
supported,articles/h/a/m/Hamasa.html
founded,articles/h/a/m/Hama_Photo_a182.html
including,articles/h/a/m/Hama_Photo_a182.html
filters,articles/h/a/m/Hama_Photo_a182.html
world,articles/h/a/m/Hama_Photo_a182.html
pvac,articles/h/a/m/Hama_Photo_a182.html
bombing,articles/h/a/m/Hama_Photo_a182.html
current,"articles/h/a/m/Hama_Photo_a182.html, articles/h/a/m/Hamasa.html"
based,"articles/h/a/m/Hama_Photo_a182.html, articles/h/a/m/Hamasa.html"
equipment,articles/h/a/m/Hama_Photo_a182.html
flash,articles/h/a/m/Hama_Photo_a182.html
hanke,articles/h/a/m/Hama_Photo_a182.html
languages,articles/h/a/m/Hama_Photo_a182.html
to,"articles/h/a/m/Hama_Photo_a182.html, articles/h/a/m/Hamasa.html"
under,"articles/h/a/m/Hama_Photo_a182.html, articles/h/a/m/Hamasa.html"
extensive,articles/h/a/m/Hama_Photo_a182.html
main,"articles/h/a/m/Hama_Photo_a182.html, articles/h/a/m/Hamasa.html"
monheim,articles/h/a/m/Hama_Photo_a182.html
march,articles/h/a/m/Hamasa.html
views,"articles/h/a/m/Hama_Photo_a182.html, articles/h/a/m/Hamasa.html"
photography,articles/h/a/m/Hama_Photo_a182.html
early,articles/h/a/m/Hamasa.html
chiacomo,articles/h/a/m/Hamasa.html
courage,articles/h/a/m/Hamasa.html
anonymous,"articles/h/a/m/Hama_Photo_a182.html, articles/h/a/m/Hamasa.html"
during,articles/h/a/m/Hama_Photo_a182.html
bravery,articles/h/a/m/Hamasa.html
stepa,articles/h/a/m/Hama_Photo_a182.html
vivitar,articles/h/a/m/Hama_Photo_a182.html
buraimi,articles/h/a/m/Hamasa.html
saudi,articles/h/a/m/Hamasa.html
martin,articles/h/a/m/Hama_Photo_a182.html
page,"articles/h/a/m/Hama_Photo_a182.html, articles/h/a/m/Hamasa.html"
force,articles/h/a/m/Hamasa.html
deutsch,articles/h/a/m/Hama_Photo_a182.html
companies,articles/h/a/m/Hama_Photo_a182.html
gmbh,articles/h/a/m/Hama_Photo_a182.html
computer,articles/h/a/m/Hama_Photo_a182.html
are,"articles/h/a/m/Hama_Photo_a182.html, articles/h/a/m/Hamasa.html"
distributor,articles/h/a/m/Hama_Photo_a182.html
dresden,articles/h/a/m/Hama_Photo_a182.html
established,articles/h/a/m/Hama_Photo_a182.html
for,"articles/h/a/m/Hama_Photo_a182.html, articles/h/a/m/Hamasa.html"
currently,articles/h/a/m/Hamasa.html
wikipedia,"articles/h/a/m/Hama_Photo_a182.html, articles/h/a/m/Hamasa.html"
factory,articles/h/a/m/Hama_Photo_a182.html
content,"articles/h/a/m/Hama_Photo_a182.html, articles/h/a/m/Hamasa.html"
various,articles/h/a/m/Hama_Photo_a182.html
abu,articles/h/a/m/Hamasa.html
capital,articles/h/a/m/Hamasa.html
donate,"articles/h/a/m/Hama_Photo_a182.html, articles/h/a/m/Hamasa.html"
available,"articles/h/a/m/Hama_Photo_a182.html, articles/h/a/m/Hamasa.html"
terms,"articles/h/a/m/Hama_Photo_a182.html, articles/h/a/m/Hamasa.html"
virtues,articles/h/a/m/Hamasa.html
free,"articles/h/a/m/Hama_Photo_a182.html, articles/h/a/m/Hamasa.html"
extolling,articles/h/a/m/Hamasa.html
studio,articles/h/a/m/Hama_Photo_a182.html
article,"articles/h/a/m/Hama_Photo_a182.html, articles/h/a/m/Hamasa.html"
november,articles/h/a/m/Hama_Photo_a182.html
by,"articles/h/a/m/Hama_Photo_a182.html, articles/h/a/m/Hamasa.html"
manufacturer,articles/h/a/m/Hama_Photo_a182.html
on,"articles/h/a/m/Hama_Photo_a182.html, articles/h/a/m/Hamasa.html"
search,"articles/h/a/m/Hama_Photo_a182.html, articles/h/a/m/Hamasa.html"
interaction,"articles/h/a/m/Hama_Photo_a182.html, articles/h/a/m/Hamasa.html"
last,"articles/h/a/m/Hama_Photo_a182.html, articles/h/a/m/Hamasa.html"
disclaimers,"articles/h/a/m/Hama_Photo_a182.html, articles/h/a/m/Hamasa.html"
of,"articles/h/a/m/Hama_Photo_a182.html, articles/h/a/m/Hamasa.html"
citizens,articles/h/a/m/Hamasa.html
products,articles/h/a/m/Hama_Photo_a182.html
germany,articles/h/a/m/Hama_Photo_a182.html
nonprofit,"articles/h/a/m/Hama_Photo_a182.html, articles/h/a/m/Hamasa.html"
changes,"articles/h/a/m/Hama_Photo_a182.html, articles/h/a/m/Hamasa.html"
honor,articles/h/a/m/Hamasa.html
русский,articles/h/a/m/Hama_Photo_a182.html
among,articles/h/a/m/Hama_Photo_a182.html
co,articles/h/a/m/Hama_Photo_a182.html
geography,articles/h/a/m/Hamasa.html
wikimedia,"articles/h/a/m/Hama_Photo_a182.html, articles/h/a/m/Hamasa.html"
period,articles/h/a/m/Hamasa.html
community,"articles/h/a/m/Hama_Photo_a182.html, articles/h/a/m/Hamasa.html"
featured,"articles/h/a/m/Hama_Photo_a182.html, articles/h/a/m/Hamasa.html"
references,articles/h/a/m/Hama_Photo_a182.html
along,articles/h/a/m/Hama_Photo_a182.html
from,"articles/h/a/m/Hama_Photo_a182.html, articles/h/a/m/Hamasa.html"
usb,articles/h/a/m/Hama_Photo_a182.html
district,articles/h/a/m/Hamasa.html
area,articles/h/a/m/Hamasa.html
firewire,articles/h/a/m/Hama_Photo_a182.html
trademark,"articles/h/a/m/Hama_Photo_a182.html, articles/h/a/m/Hamasa.html"
their,articles/h/a/m/Hama_Photo_a182.html
camera,articles/h/a/m/Hama_Photo_a182.html
memory,articles/h/a/m/Hama_Photo_a182.html
recent,"articles/h/a/m/Hama_Photo_a182.html, articles/h/a/m/Hamasa.html"
was,"articles/h/a/m/Hama_Photo_a182.html, articles/h/a/m/Hamasa.html"
war,articles/h/a/m/Hama_Photo_a182.html
website,articles/h/a/m/Hama_Photo_a182.html
both,articles/h/a/m/Hamasa.html
registered,"articles/h/a/m/Hama_Photo_a182.html, articles/h/a/m/Hamasa.html"
villages,articles/h/a/m/Hamasa.html
about,"articles/h/a/m/Hama_Photo_a182.html, articles/h/a/m/Hamasa.html"
accessories,articles/h/a/m/Hama_Photo_a182.html
part,articles/h/a/m/Hamasa.html
towns,articles/h/a/m/Hamasa.html
with,articles/h/a/m/Hama_Photo_a182.html
gnu,"articles/h/a/m/Hama_Photo_a182.html, articles/h/a/m/Hamasa.html"
this,"articles/h/a/m/Hama_Photo_a182.html, articles/h/a/m/Hamasa.html"
stubs,"articles/h/a/m/Hama_Photo_a182.html, articles/h/a/m/Hamasa.html"
work,"articles/h/a/m/Hama_Photo_a182.html, articles/h/a/m/Hamasa.html"
modified,"articles/h/a/m/Hama_Photo_a182.html, articles/h/a/m/Hamasa.html"
polski,articles/h/a/m/Hama_Photo_a182.html
can,"articles/h/a/m/Hama_Photo_a182.html, articles/h/a/m/Hamasa.html"
uk,articles/h/a/m/Hama_Photo_a182.html
oman,articles/h/a/m/Hamasa.html
cards,articles/h/a/m/Hama_Photo_a182.html
invaded,articles/h/a/m/Hamasa.html
called,articles/h/a/m/Hamasa.html
and,"articles/h/a/m/Hama_Photo_a182.html, articles/h/a/m/Hamasa.html"
manufacture,articles/h/a/m/Hama_Photo_a182.html
bedouin,articles/h/a/m/Hamasa.html
expanding,"articles/h/a/m/Hama_Photo_a182.html, articles/h/a/m/Hamasa.html"
is,"articles/h/a/m/Hama_Photo_a182.html, articles/h/a/m/Hamasa.html"
av,articles/h/a/m/Hama_Photo_a182.html
moved,articles/h/a/m/Hama_Photo_a182.html
al,articles/h/a/m/Hamasa.html
an,articles/h/a/m/Hamasa.html
as,"articles/h/a/m/Hama_Photo_a182.html, articles/h/a/m/Hamasa.html"
hama,articles/h/a/m/Hama_Photo_a182.html
bastin,articles/h/a/m/Hamasa.html
arabic,articles/h/a/m/Hamasa.html
cables,articles/h/a/m/Hama_Photo_a182.html
contents,"articles/h/a/m/Hama_Photo_a182.html, articles/h/a/m/Hamasa.html"
bags,articles/h/a/m/Hama_Photo_a182.html
codes,articles/h/a/m/Hamasa.html
blofeld,articles/h/a/m/Hamasa.html
koss,articles/h/a/m/Hama_Photo_a182.html
discussion,"articles/h/a/m/Hama_Photo_a182.html, articles/h/a/m/Hamasa.html"
that,articles/h/a/m/Hamasa.html
tripods,articles/h/a/m/Hama_Photo_a182.html
also,articles/h/a/m/Hamasa.html
ideal,articles/h/a/m/Hamasa.html
other,articles/h/a/m/Hama_Photo_a182.html
branch,articles/h/a/m/Hama_Photo_a182.html
you,"articles/h/a/m/Hama_Photo_a182.html, articles/h/a/m/Hamasa.html"
text,"articles/h/a/m/Hama_Photo_a182.html, articles/h/a/m/Hamasa.html"
events,"articles/h/a/m/Hama_Photo_a182.html, articles/h/a/m/Hamasa.html"
revision,"articles/h/a/m/Hama_Photo_a182.html, articles/h/a/m/Hamasa.html"
dhabi,articles/h/a/m/Hamasa.html
see,articles/h/a/m/Hamasa.html
after,articles/h/a/m/Hama_Photo_a182.html
miscellaneous,articles/h/a/m/Hama_Photo_a182.html
collection,articles/h/a/m/Hamasa.html
most,articles/h/a/m/Hamasa.html
united,articles/h/a/m/Hamasa.html
portal,"articles/h/a/m/Hama_Photo_a182.html, articles/h/a/m/Hamasa.html"
user,articles/h/a/m/Hamasa.html
such,articles/h/a/m/Hamasa.html
destruction,articles/h/a/m/Hama_Photo_a182.html
a,"articles/h/a/m/Hama_Photo_a182.html, articles/h/a/m/Hamasa.html"
in,"articles/h/a/m/Hama_Photo_a182.html, articles/h/a/m/Hamasa.html"
navigation,"articles/h/a/m/Hama_Photo_a182.html, articles/h/a/m/Hamasa.html"
documentation,"articles/h/a/m/Hama_Photo_a182.html, articles/h/a/m/Hamasa.html"
contact,"articles/h/a/m/Hama_Photo_a182.html, articles/h/a/m/Hamasa.html"
encyclopedia,"articles/h/a/m/Hama_Photo_a182.html, articles/h/a/m/Hamasa.html"
time,articles/h/a/m/Hamasa.html
peripherals,articles/h/a/m/Hama_Photo_a182.html
hamasa,articles/h/a/m/Hamasa.html
the,"articles/h/a/m/Hama_Photo_a182.html, articles/h/a/m/Hamasa.html"
original,articles/h/a/m/Hama_Photo_a182.html
