aaradaha,aaradaha
aburakawa,aburakawa
accueille,accueille
ableton,ableton
adderson,adderson
acheulean,acheulean
abdurahman,abdurahman
abundant,"abundant, abundantly"
abid,abid
acting,acting
aaron,aaron
adamrush,adamrush
aaronaaron,aaronaaron
abra,abra
abschluss,abschluss
acamedic,acamedic
abode,abode
abulcasi,abulcasis
abschiedsgeschenk,abschiedsgeschenk
addendum,addendum
abgrund,abgrund
aarseth,aarseth
accelerator,"accelerators, accelerator"
accession,"accessions, accession, accessioned"
accuse,"accuse, accusing, accuses, accuser"
abdon,abdon
abadi,abadi
acosm,acosmism
acclamation,acclamation
acasuzo,acasuzo
aachen,aachen
abaya,abaya
accumulation,"accumulation, accumulations"
abandonware,abandonware
abdulrahman,abdulrahman
abusaria,abusaria
abstracted,abstracted
abridge,"abridged, abridges, abridging"
adelheidsdorf,adelheidsdorf
aatre,aatre
acraman,acraman
achajur,achajur
aceraceae,aceraceae
achalgarh,achalgarh
abominable,abominable
acid,"acid, acids, acidic"
actinopterygii,actinopterygii
acrimonious,acrimonious
aba,aba
abb,abbs
abc,abc
abd,abd
abe,abe
abi,abi
abk,abk
abl,abl
abeer,abeer
addy,addy
abo,abo
abp,abp
abernant,abernant
abs,abs
abt,"abt, abts"
abu,abu
above,above
adası,adası
abz,abz
adagbonyin,adagbonyin
adamekhütte,adamekhütte
abscond,absconded
acadia,acadia
absurdist,absurdist
accustic,accustic
abbess,abbess
acadie,acadie
active,"active, activable, actively"
aberystwyth,aberystwyth
acroloxoidea,acroloxoidea
acevedo,acevedo
abugida,"abugida, abugidas"
adepoju,adepoju
abaga,abaga
acetyltransferase,acetyltransferase
accomplished,accomplished
activision,activision
acquittal,acquittal
abolition,"abolition, abolitionism"
achaemenid,achaemenid
action,"action, actions"
acteophila,acteophila
abierto,abierto
accusative,accusative
abkhazian,abkhazians
aamouri,aamouri
acorn,acorn
abder,abder
achery,achery
abriola,abriola
aborrow,aborrows
acetylcholine,acetylcholine
abutalib,abutalib
abdel,abdel
adamku,adamkus
absolution,absolution
accabonac,accabonac
achim,achim
additive,"additive, additivity, additives"
abiding,abiding
aarsman,aarsman
adana,adana
accommodation,accommodation
abbas,abbas
aborigine,aborigines
abijah,abijah
aconite,aconite
abilheira,abilheira
abelisaur,abelisaurs
abrams,abrams
adelcrantz,adelcrantz
adelson,adelson
acceptable,acceptable
absolutdan,absolutdan
achang,achang
academician,"academicians, academician"
adamant,"adamantly, adamant"
abundance,abundance
account,"account, accounted, accounts, accounting"
abdelkader,abdelkader
achter,achter
abednego,abednego
abortion,"abortion, abortions"
aboot,aboot
abrahamsson,abrahamsson
abdeali,abdeali
abandon,"abandonment, abandon, abandoning"
adalberto,adalberto
abolkheir,abolkheir
abrahamic,abrahamic
abram,abram
abcd,abcd
abce,abce
abcf,abcf
abcg,abcg
abca,abca
abcb,abcb
abcc,abcc
aboro,aboro
académie,académie
abeokuta,abeokuta
acetic,acetic
accept,"accept, accepted, accepting, accepts"
aaaa,aaaa
abner,abner
abort,"abort, aborted"
acm,acm
acapulco,acapulco
aaai,aaai
abney,abney
acari,acari
abba,abba
acts,acts
abramelin,abramelin
adeqate,adeqate
actionscript,actionscript
acta,acta
abgang,abgang
actuality,actuality
acte,acte
abdellatif,abdellatif
abbasid,"abbasid, abbasids"
abstraction,"abstraction, abstractions"
acharei,acharei
aashe,aashe
abatemarco,abatemarco
acyltransferase,"acyltransferase, acyltransferases"
accom,accom
abstatt,abstatt
achui,achui
abdomen,abdomen
accessory,"accessory, accessories"
addick,addicks
abuse,"abusing, abuse, abused, abuses"
abdi,abdi
abgebrochen,abgebrochen
aden,aden
a,a
achmelvic,achmelvic
adelphia,adelphia
aass,aass
ablution,ablution
acâş,acâş
aarle,aarle
abbt,abbt
abrahamsen,abrahamsen
abapo,abapo
abercynon,abercynon
aboutmovy,aboutmovies
achankovil,achankovil
acrylate,acrylate
abgründe,abgründe
abergwili,abergwili
achaia,achaia
abū,abū
adamian,adamian
adbeel,adbeel
abseil,abseil
accompanist,accompanist
abdal,abdal
abstruse,"abstruse, abstrusely"
abyssinian,abyssinian
accrete,"accrete, accreting, accreted, accretes"
acosean,acosean
acerenza,acerenza
absdorf,absdorf
abdelaziz,abdelaziz
abánades,abánades
adelfoi,adelfoi
acknowledge,"acknowledged, acknowledges, acknowledging, acknowledge"
abramovitz,abramovitz
abbey,"abbey, abbeys"
actually,actually
absence,"absence, absences"
acupuncture,acupuncture
absolutism,absolutism
aargau,aargau
academici,academici
aamah,aamah
ackland,ackland
adeva,adeva
accumulate,"accumulate, accumulated, accumulating, accumulates"
aconcagua,aconcagua
abacus,abacus
acciaioli,acciaioli
acquanegra,acquanegra
abhorrence,abhorrence
acme,acme
absolvo,absolvo
abererch,abererch
acmi,acmi
absolve,"absolve, absolved"
abaft,abaft
abcdefg,abcdefg
acoustic,"acoustically, acoustical, acoustic"
abbeydale,abbeydale
abkhazia,abkhazia
accipitridae,accipitridae
activate,"activated, activator, activating, activate, activates, activation"
abercromby,abercromby
abrasive,"abrasiveness, abrasive"
abildgaard,abildgaard
abnormal,"abnormal, abnormalities, abnormality"
abancay,abancay
abhaydang,abhaydang
abrusjanić,abrusjanić
abedeen,abedeen
abdu,abdus
adder,adderly
abel,abel
abdicate,"abdicate, abdication, abdicating"
adderley,adderley
abcdefghijklmnopqrstuvwxyz,abcdefghijklmnopqrstuvwxyz
abha,abha
acknowledgment,"acknowledgments, acknowledgment"
achuar,achuar
acqueville,acqueville
aabha,aabha
activism,activism
acridophosphine,acridophosphine
aboitiz,aboitiz
abide,abide
abbasi,abbasi
abrolho,abrolhos
abbécourt,abbécourt
activist,"activist, activists"
adapt,"adapting, adaption, adapt, adaptive, adapted"
adenylate,adenylate
absorb,"absorbs, absorbed, absorbable, absorb, absorbance"
acrylamide,acrylamide
abbott,"abbotts, abbott"
abridgement,abridgement
abugarh,abugarh
abramowitz,abramowitz
acebedo,acebedo
abkhaz,abkhaz
acharya,acharya
aboriginal,aboriginal
abate,abatement
abwehrtrupp,abwehrtrupp
abati,abatis
acker,acker
achernar,achernar
acrobat,acrobat
abdulla,abdulla
adamsky,adamsky
adespota,adespota
acura,acura
accurize,accurizer
aaronow,aaronow
aboard,aboard
abeta,abeta
actlab,actlab
addai,addai
academicum,academicum
addam,"addam, addams"
abdallah,abdallah
achanak,achanak
actaeu,actaeus
acce,acces
acreage,acreage
actinidain,actinidain
acheruntia,acheruntia
acct,acct
acntx,acntx
acheson,acheson
ackerley,ackerley
acquaint,"acquainted, acquainting"
accessdate,accessdate
adamec,adamec
accent,"accent, accented, accents"
accordingly,accordingly
adelardo,adelardo
accretion,accretion
adbominal,adbominal
acgih,acgih
abbie,abbie
accompany,"accompanying, accompany, accompanies, accompanied"
abrin,abrin
achaichu,achaichus
academy,"academy, academies"
aabb,aabb
aabc,aabc
acanthopleuru,acanthopleurus
acama,acamas
aborder,aborder
aberdare,aberdare
accompaniment,"accompaniments, accompaniment"
abenante,abenante
acrididae,acrididae
aalen,aalen
acorna,acorna
abiyev,abiyev
aaa,"aaas, aaa"
aac,aac
aab,aab
ababa,ababa
aan,aan
aah,aah
aau,aau
aalburg,aalburg
aap,aap
aas,aas
aar,aar
abaran,abaran
acquisition,"acquisitions, acquisition"
abdulah,abdulah
acclaim,"acclaim, acclaimed"
aapc,aapc
aacsb,aacsb
aapo,aapo
actuary,actuaries
abomination,"abominationes, abomination"
accona,accona
abchurch,abchurch
adelstein,adelstein
acetoneiso,acetoneiso
aboim,aboim
ademetionine,ademetionine
acceleration,"acceleration, accelerations"
actinomyce,actinomyces
acsalini,acsalini
aarakocra,aarakocra
abilene,abilene
addey,addey
able,"ableism, able, ables"
abraxa,abraxas
achatinelloidea,achatinelloidea
adaptor,adaptor
abraoma,abraomas
abhijat,abhijat
abarca,abarca
accuracy,accuracy
abramowicz,abramowicz
adamson,adamson
abella,abella
abednigo,abednigo
addlip,addlips
actinomycosi,actinomycosis
adamantio,adamantios
abut,"abuts, abutting"
accede,accede
addict,"addict, addicted"
addtion,addtion
achilles,achilles
absit,absit
abmajid,abmajid
addiction,addiction
adamski,adamski
achme,achmed
aberlady,aberlady
acăţari,acăţari
aberlour,aberlour
adelshofen,adelshofen
abergavenny,abergavenny
aasf,aasf
aberciu,abercius
absurd,absurd
abraham,"abrahams, abraham"
aage,aage
abdullah,abdullah
ackermann,ackermann
absorbing,absorbing
accommodations,accommodations
abstain,abstained
accrington,accrington
abreast,abreast
acrylonitrile,acrylonitrile
absolut,absolut
acquit,acquitted
achille,achille
acne,acne
acupressure,acupressure
abufari,abufari
accuweather,accuweather
acidophilu,acidophilus
actio,actio
abyssinia,abyssinia
absolum,absolum
aartswoude,aartswoude
adequate,"adequate, adequately"
achromatic,achromatic
achieve,"achievable, achieving, achieved, achieves, achieve, achievers"
acworth,acworth
abelian,abelian
adelheid,adelheid
abercorn,abercorn
aban,aban
accrue,"accrued, accruing"
ablutions,ablutions
aann,aann
acanthostegidae,acanthostegidae
abbr,abbr
actionmax,actionmax
abby,abby
abbasov,abbasov
adaboost,adaboost
ablanque,ablanque
adamsan,adamsan
accordance,accordance
acellular,acellular
aam,aams
adelie,adelie
addi,addis
activity,"activities, activity"
acetylglycinamide,acetylglycinamide
abana,abana
ably,ably
abshier,abshier
achitecture,achitecture
aarhus,aarhus
abgar,abgar
accused,accused
aberdeen,aberdeen
abdollah,abdollah
acritani,acritani
actionline,actionline
achyuthadevarayalu,achyuthadevarayalu
ackerman,ackerman
abydo,abydos
abernethy,abernethy
acropolis,acropolis
across,across
acharnae,acharnae
accord,"accorded, accord, accordence, accords"
achatinoidea,achatinoidea
ability,ability
aberration,"aberrations, aberration"
addie,addie
aaliyah,aaliyah
adept,"adepts, adept"
adductor,"adductor, adductors"
abecedarian,abecedarian
acsenray,acsenray
abramson,abramson
absorbent,"absorbency, absorbent"
aceralia,aceralia
adagio,adagio
accident,"accident, accidents"
aathaar,aathaar
adage,adage
accordion,"accordion, accordions"
adapter,"adapters, adapter"
addanki,addanki
according,according
actra,actra
accordine,accordining
aberdeenshire,aberdeenshire
acetophenone,acetophenone
ademar,ademar
aamodt,aamodt
aarungu,aarungu
aach,aach
abbreviate,abbreviated
acarina,acarina
abortive,abortive
address,"addressing, address, addressed, addresses"
ac,ac
aace,aace
adelman,adelman
accusation,"accusations, accusation"
ab,ab
aachhe,aachhe
adaptation,"adaptations, adaptation"
absolutepunk,absolutepunk
actinobacteria,actinobacteria
accursed,accursed
ablett,ablett
aback,aback
abdominal,abdominal
abdulaziz,abdulaziz
addition,"additions, addition"
abdul,abdul
abbachi,abbachi
acht,acht
abramovic,abramovic
absentee,absentee
accentuate,"accentuation, accentuate, accentuated"
acre,"acres, acre"
acri,acri
abbe,abbe
acuity,acuity
abaja,abajas
addison,addison
abashiri,abashiri
adamawa,adamawa
aakrosh,aakrosh
abruzzi,abruzzi
abouja,abouja
abajo,abajo
abdülmecid,abdülmecid
aberdour,aberdour
aberchirder,aberchirder
abject,abject
acanthaceae,acanthaceae
abera,abera
abandoned,abandoned
abridgment,abridgment
acetylation,acetylation
abern,abern
accumulator,accumulator
abrupt,"abrupt, abruptly"
abou,abou
adele,adele
abductee,"abductees, abductee"
accenture,accenture
abemasanao,abemasanao
adeveria,adeveria
abenójar,abenójar
achdut,achdut
aarey,aarey
acolyte,acolyte
acsat,acsat
abscess,abscess
acklin,acklins
achangeisasgoodasa,achangeisasgoodasa
aboyne,aboyne
acquire,"acquired, acquirer, acquires, acquiring, acquire"
abhijitabhijit,abhijitabhijit
abhijit,abhijit
achslach,achslach
abdalqadir,abdalqadir
aagaard,aagaard
abbatoir,abbatoir
abingdon,abingdon
abeltje,abeltje
adcock,adcock
adeline,adeline
aberbythych,aberbythych
acdc,acdc
acrobatic,acrobatic
adenoma,adenomas
abzac,abzac
acipenseriforme,acipenseriformes
acetyldihydrocodeine,acetyldihydrocodeine
achyuta,achyuta
adelong,adelong
acroase,acroases
acknowledgement,acknowledgement
acoustics,acoustics
acoplanar,acoplanarity
achaea,achaea
abjad,"abjads, abjad"
academic,"academicals, academics, academical, academically, academic"
accountable,"accountable, accountability"
academia,academia
abitur,abitur
acknowiedge,acknowiedged
abordagem,abordagem
abilities,abilities
absolute,"absoluter, absolute"
abad,abad
accurate,"accurately, accurate"
achara,achara
actress,"actress, actresses"
abbreviation,"abbreviations, abbreviation"
abbotsford,abbotsford
abernathy,abernathy
abstention,"abstentions, abstention"
acappella,acappella
acetabularii,acetabularii
acumen,acumen
addshore,addshore
absorption,absorption
abiff,abiff
acuña,acuña
about,about
abecarnil,abecarnil
add,"adding, adds, add, added"
ade,ade
adc,adc
ada,ada
aconitine,aconitine
abaqa,abaqa
adacent,adacent
achí,achí
acrux,acrux
abound,"abounded, abounds, abound"
abduct,"abduction, abductor, abductors, abducted, abduct, abductions"
acrylic,acrylic
activex,activex
acute,"acutely, acute"
abendessen,abendessen
adams,adams
abovyan,abovyan
adamsville,adamsville
abonnenten,abonnenten
accra,accra
abundo,abundo
abondant,abondant
acquafredda,acquafredda
absolon,absolon
accessible,"accessible, accessibility"
aaronovitch,aaronovitch
acad,acad
acac,acac
aarau,aarau
absolutely,absolutely
adelantado,adelantado
acai,acai
accost,"accosting, accosted"
accelerate,"accelerates, accelerated, accelerating, accelerate"
acroasium,acroasium
aabyhøj,aabyhøj
accomplishment,"accomplishment, accomplishments"
accomplice,"accomplices, accomplice"
adenoid,adenoid
acquaintance,"acquaintances, acquaintance"
addbot,addbot
achaval,achaval
aamir,aamir
abendfrieden,abendfrieden
accademia,accademia
acridine,acridine
acasă,acasă
abercrombie,abercrombie
abul,abul
acetylcarnitine,acetylcarnitine
adebisi,adebisi
accueil,accueil
abdurrahman,abdurrahman
achondo,achondo
acronym,"acronym, acronyms"
aalborg,aalborg
abono,abono
aayara,aayara
adcombe,adcombe
ache,"aching, acher, ache"
abdank,abdank
abcnew,abcnews
abroad,abroad
acc,acc
acb,acb
abstentionist,abstentionist
adeodatu,adeodatus
actual,"actualized, actual, actualizing"
ace,"ace, acer, aces"
acon,"acons, acon"
ack,"acking, ack"
acesine,acesines
abstinence,abstinence
ach,ach
actaul,actaully
ademir,ademir
acl,acl
acs,acs
acr,acr
adapation,adapation
acp,acp
acw,acw
acv,acv
act,"acted, act"
adel,adel
acy,acy
acyclic,acyclic
ableprofessional,ableprofessional
accredit,"accreditation, accrediting, accredited"
acrojet,acrojet
acceptance,acceptance
aber,aber
abusive,abusive
actuate,"actuated, actuators"
ablon,ablon
acciano,acciano
accommodate,"accommodates, accommodated, accommodate"
abed,abed
acetaldehyde,acetaldehyde
abrogate,"abrogated, abrogation"
aaberg,aaberg
acadiana,acadiana
addington,addington
additional,"additional, additionally"
acquiesce,"acquiescence, acquiesce"
abetone,abetone
aaru,aaru
adara,adara
accountant,"accountant, accountants"
adenocarcinoma,adenocarcinomas
achievement,"achievements, achievement"
abot,abot
adelberg,adelberg
abschnittsleiter,abschnittsleiter
acjelen,acjelen
aare,aare
accountancy,accountancy
addd,addd
abysmal,abysmal
actinomycetale,actinomycetales
adabeya,adabeya
abdur,abdur
abari,abaris
accuwx,accuwx
adelskalender,adelskalender
absent,"absented, absent"
abourt,abourt
adair,adair
abuja,abuja
access,"accessor, access, accessed, accessing"
achintya,achintya
accuride,accuride
accustomed,accustomed
adenosine,adenosine
abolitionist,"abolitionists, abolitionist"
aa,aa
acroo,acroos
acei,aceis
aceh,aceh
ad,ad
acidity,acidity
abrest,abrest
acquaformosa,acquaformosa
abstract,abstract
adamclisi,adamclisi
acetate,acetate
acavoidea,acavoidea
abaxial,abaxial
abbot,"abbots, abbot"
abucara,abucara
adelaida,adelaida
acacia,acacia
adelaide,adelaide
abyss,"abyssal, abyss"
abcede,abcede
acle,acle
académica,académica
académico,académico
abigail,abigail
abolish,"abolishing, abolishes, abolished, abolish"
acton,acton
accommodating,accommodating
aclu,aclu
acquappesa,acquappesa
abdulovich,abdulovich
acetal,acetals
abdoulaye,abdoulaye
abene,abene
adamadam,adamadam
accidental,"accidentally, accidental"
achterwehr,achterwehr
abahatta,abahatta
acquaro,acquaro
acosta,acosta
acetylcysteine,acetylcysteine
aborigene,aborigenes
aadt,aadt
accomplish,"accomplishes, accomplish"
abruzzo,abruzzo
adamstown,adamstown
adenbüttel,adenbüttel
abdera,abdera
abre,abres
actor,"actors, actor"
adaptable,adaptability
acela,acela
adar,adar
abramov,abramov
actualitate,actualitate
accolade,accolades
adak,adak
adam,adam
adan,adan
adab,adab
